Dataset,R2,RMSE
Training,0.9611681166296875,0.0790424027792793
Validation,0.9462002958841759,0.09214930853763877
Test,0.8191271289946422,0.10569689117893828
