Dataset,R2,RMSE
Training,0.9558890115331844,0.0842440624386553
Validation,0.9407535343535015,0.09670153344150988
Test,0.7075060318005678,0.13441073467397274
