Dataset,R2,RMSE
Training,0.9632036541754547,0.07694284709577454
Validation,0.9477316450125371,0.09082837684429626
Test,0.7782665411149838,0.11702835852285699
