Dataset,R2,RMSE
Training,0.9596012306411239,0.08062133294985416
Validation,0.9436496664253095,0.09430840129193852
Test,0.7571763293572402,0.12246754374860812
