Dataset,R2,RMSE
Training,0.9547984121076706,0.08527912823972963
Validation,0.9375515106369178,0.09928030570099479
Test,0.8110643596445996,0.10802703160549128
