Dataset,R2,RMSE
Training,0.9616333611420051,0.07856747273286808
Validation,0.9486699656368499,0.09000940993670307
Test,0.8462799076828826,0.0974407944013219
