Dataset,R2,RMSE
Training,0.9273236707278665,0.108134032377504
Validation,0.9100425953764403,0.11915728402023108
Test,0.8007992792481111,0.11092283231921546
