Dataset,R2,RMSE
Training,0.9585816672508245,0.08163233381082552
Validation,0.9406826508420519,0.09675936385535308
Test,0.82284423746645,0.10460516756077737
