Dataset,R2,RMSE
Training,0.9482721216145261,0.09122801799120357
Validation,0.9282417766146852,0.10642360742162416
Test,0.8329595545729169,0.10157487986654938
