Dataset,R2,RMSE
Training,0.952459285000713,0.0874578427946416
Validation,0.9360009831097378,0.10050525933076943
Test,0.7942183009017121,0.11274021846367167
