Dataset,R2,RMSE
Training,0.9306021953941488,0.1056668527543645
Validation,0.9129507662447256,0.11721538368208692
Test,0.7381504251611763,0.1271749086042394
