Dataset,R2,RMSE
Training,0.9267144222512521,0.1085863323297655
Validation,0.9102942001121344,0.11899052993353013
Test,0.7824826663838719,0.11591040762090062
