Dataset,R2,RMSE
Training,0.9624119577544406,0.07776617880684358
Validation,0.9466719503357905,0.09174448931181416
Test,0.8319152449624188,0.10189189993711503
