Dataset,R2,RMSE
Training,0.9569224282604354,0.08325139387316186
Validation,0.9424551762749769,0.0953027141467979
Test,0.799195281483597,0.11136852159375052
