Dataset,R2,RMSE
Training,0.9331959003201593,0.10367342924939818
Validation,0.913043031717348,0.11715324758062044
Test,0.7695487282804543,0.11930676011214435
