Dataset,R2,RMSE
Training,0.9610482013704915,0.07916435262058832
Validation,0.9468865722358459,0.09155968761759832
Test,0.8543934946041538,0.09483439698696922
