Dataset,R2,RMSE
Training,0.9514200042847956,0.08840862629727284
Validation,0.9372370864262909,0.09952992693173024
Test,0.8539324866981,0.09498440696108496
