Dataset,R2,RMSE
Training,0.9316528767643534,0.1048639049940626
Validation,0.9108728492366833,0.11860613359966521
Test,0.859905131427921,0.09302220112286827
