Dataset,R2,RMSE
Training,0.9625668097924139,0.07760582622089739
Validation,0.9470047923407455,0.09145773387276375
Test,0.840975236837358,0.0991078092705052
