Dataset,R2,RMSE
Training,0.9627345988454424,0.07743170223527715
Validation,0.943683727307157,0.09427989469168274
Test,0.7996613182603586,0.11123921194343643
