Dataset,R2,RMSE
Training,0.966800203265251,0.07308590327270006
Validation,0.9498816488460531,0.08894069617000352
Test,0.808235614210211,0.10883271777724632
