Dataset,R2,RMSE
Training,0.956860717124075,0.08331100377308227
Validation,0.9420913847421218,0.09560348574828015
Test,0.8713654298449459,0.0891362475942892
