Dataset,R2,RMSE
Training,0.9435804121638213,0.0952754176025587
Validation,0.925719989555138,0.10827747391194452
Test,0.8173467641267947,0.10621581429212494
