Dataset,R2,RMSE
Training,0.9538766844799629,0.08614422449704982
Validation,0.9339768364466419,0.10208226607848583
Test,0.7977694062207934,0.11176322526366797
