Dataset,R2,RMSE
Training,0.9553248952252715,0.08478103152233142
Validation,0.9371151374690353,0.09962657382063615
Test,0.7569625138498675,0.1225214505570883
