Dataset,R2,RMSE
Training,0.9549765374418728,0.08511093317607081
Validation,0.9386650233192889,0.09839119593478834
Test,0.8387657912524051,0.0997939224174812
