Dataset,R2,RMSE
Training,0.966199923059846,0.0737436705993743
Validation,0.9512438195978592,0.08772370682706512
Test,0.8418738879629044,0.09882738273849039
