Dataset,R2,RMSE
Training,0.9317474717610263,0.10479131206749216
Validation,0.9145767994542414,0.11611546259206583
Test,0.8228573741492043,0.10460128908017725
