Dataset,R2,RMSE
Training,0.9564038949077942,0.08375095189516199
Validation,0.9427906383435279,0.09502452078884911
Test,0.8217157792210481,0.10493779908146735
