Dataset,R2,RMSE
Training,0.9570739453053314,0.08310485454822802
Validation,0.9423855476059992,0.09536035438797509
Test,0.8119070344629458,0.10778585585647159
