Dataset,R2,RMSE
Training,0.9395834178931962,0.0985925235305584
Validation,0.9255027964458468,0.10843565883468306
Test,0.8631207780358144,0.09194841803441953
