Dataset,R2,RMSE
Training,0.9463067736326038,0.09294491978476581
Validation,0.9342436117694668,0.10187581887568768
Test,0.8341478568939744,0.10121294029006994
