Dataset,R2,RMSE
Training,0.9550794216552918,0.08501363302296232
Validation,0.9384238998754325,0.09858440667945728
Test,0.8077894841154368,0.10895924112504053
