Dataset,R2,RMSE
Training,0.9509152999546908,0.08886668441947447
Validation,0.9354091899991912,0.10096887156525203
Test,0.8359445376529275,0.10066322620729691
