Dataset,R2,RMSE
Training,0.9515240586189463,0.08831389355877542
Validation,0.9325558567342672,0.10317494791007228
Test,0.7397255563174568,0.12679182736830025
