Dataset,R2,RMSE
Training,0.9525603209822099,0.08736485840358296
Validation,0.9321915915398836,0.10345319618191617
Test,0.7796176344965798,0.11667126798409425
