Dataset,R2,RMSE
Training,0.945274350384798,0.09383424612696635
Validation,0.922691559764414,0.11046268432850669
Test,0.8183974693899482,0.10590987261622584
