Dataset,R2,RMSE
Training,0.9543242019998677,0.08572529301582331
Validation,0.9414124120963424,0.09616232303551962
Test,0.8316084161768195,0.1019848563553304
