Dataset,R2,RMSE
Training,0.9563217333895023,0.08382983355624585
Validation,0.9443003216587513,0.09376234936544853
Test,0.8237677224052099,0.10433216623022087
