Dataset,R2,RMSE
Training,0.9447015242371198,0.09432406019180814
Validation,0.9288595929629286,0.10596447969870987
Test,0.8256693052101235,0.10376775672707385
