Dataset,R2,RMSE
Training,0.9528354446365355,0.0871111563331922
Validation,0.9386587282659042,0.09839624494575251
Test,0.7889872061512004,0.11416418784848127
