Dataset,R2,RMSE
Training,0.9379261210237215,0.09993562870530939
Validation,0.9181999893480317,0.11362628750578636
Test,0.812707806069032,0.10755617179309881
