Dataset,R2,RMSE
Training,0.9212400529364397,0.11256894974947025
Validation,0.9018063951238336,0.12449265791467133
Test,0.7899598911589178,0.11390075818401238
