Dataset,R2,RMSE
Training,0.9165731902175244,0.11585605191073829
Validation,0.9022297722206233,0.12422398320339567
Test,0.772716185217037,0.11848401233664037
