Dataset,R2,RMSE
Training,0.9527893268455587,0.08715373483833398
Validation,0.9408690371690434,0.09660722614153706
Test,0.8799969508923823,0.08609375263305633
