Dataset,R2,RMSE
Training,0.9368179462385035,0.10082373361211412
Validation,0.9152654996667046,0.11564644142697604
Test,0.796641384378797,0.11207449380655049
