Dataset,R2,RMSE
Training,0.9534218904990299,0.08656789060041549
Validation,0.9363865625644785,0.10020204132361595
Test,0.7375282206236062,0.12732591487325612
