Dataset,R2,RMSE
Training,0.9567698916754718,0.08339865915595354
Validation,0.9382677084056841,0.09870936012074301
Test,0.7305682636987922,0.12900301857140922
