Dataset,R2,RMSE
Training,0.9434654682657971,0.09537242075502105
Validation,0.9266892648233686,0.10756870110174391
Test,0.8505198496278172,0.09608758111168393
