Dataset,R2,RMSE
Training,0.9528051327867635,0.08713914425917936
Validation,0.9370738617240246,0.09965926441053555
Test,0.8274387981285181,0.103239781356315
