Dataset,R2,RMSE
Training,0.9391295013652178,0.09896219879644791
Validation,0.9167218664728501,0.11464830243796731
Test,0.7859437482536817,0.11498454098160336
