Dataset,R2,RMSE
Training,0.9507057334328152,0.08905618996893785
Validation,0.9369765516420739,0.09973629205848078
Test,0.7643579370217751,0.12064293821912966
