Dataset,R2,RMSE
Training,0.9571661580554587,0.08301554460333586
Validation,0.9413947282647199,0.09617683455655902
Test,0.8404490518881316,0.09927163900927342
