Dataset,R2,RMSE
Training,0.9506725556785711,0.08908615478626207
Validation,0.9341690766172147,0.10193354086533439
Test,0.788799920849672,0.11421484006676402
