Dataset,R2,RMSE
Training,0.9158559352391383,0.11635301737173076
Validation,0.8963726163038238,0.12789082942090838
Test,0.7704737333741494,0.11906707749882388
