Dataset,R2,RMSE
Training,0.9436902457606319,0.09518263475866166
Validation,0.9248242558738643,0.10892837001791301
Test,0.7279519448722545,0.1296278477569356
