Dataset,R2,RMSE
Training,0.9414118672336662,0.0970891580527367
Validation,0.9280407205667467,0.10657259482664785
Test,0.8389641413910423,0.09973252034304107
