Dataset,R2,RMSE
Training,0.9463130623771345,0.09293947660308921
Validation,0.9274895111986127,0.10697999014283498
Test,0.8356078989143985,0.10076645280783192
