Dataset,R2,RMSE
Training,0.9369828589825961,0.10069206661598488
Validation,0.9204197317866546,0.11207399069508389
Test,0.8411934701239443,0.09903978197723502
