Dataset,R2,RMSE
Training,0.9248722806822344,0.10711894283233091
Validation,0.9246343635210913,0.10571934227291253
Test,0.9078674689465792,0.12187879003124608
