Dataset,R2,RMSE
Training,0.9307029042332053,0.10287827942002098
Validation,0.9238588996701651,0.10626184231552019
Test,0.909742757662259,0.12063203745960653
