Dataset,R2,RMSE
Training,0.9188145967476771,0.11135382805156777
Validation,0.9177596771488876,0.11043587339829686
Test,0.8913861047848206,0.13233183278315505
