Dataset,R2,RMSE
Training,0.9422544662082376,0.0939129268004572
Validation,0.9416396147166831,0.09303081852896099
Test,0.9189922403968495,0.11428387133534677
