Dataset,R2,RMSE
Training,0.9236211085417594,0.10800723565673138
Validation,0.9256207164369644,0.10502525927186138
Test,0.9041131032549519,0.12433725199107885
