Dataset,R2,RMSE
Training,0.947658089822866,0.08941100147414048
Validation,0.9452986615638763,0.09006721693916059
Test,0.9441115943931757,0.09492541249635653
