Dataset,R2,RMSE
Training,0.8885034017228431,0.1304959352103946
Validation,0.8991413773921642,0.12229938787791496
Test,0.8551261686505345,0.1528328126797747
