Dataset,R2,RMSE
Training,0.9204320639745399,0.11023898902872464
Validation,0.9173033906731126,0.11074181027234795
Test,0.9017957036322709,0.12583077662983314
