Dataset,R2,RMSE
Training,0.9246519337527698,0.10727591584280324
Validation,0.9242492404222248,0.1059891142876125
Test,0.9095582714545726,0.12075526073701383
