Dataset,R2,RMSE
Training,0.949363433058007,0.08794239771007616
Validation,0.9533865502813005,0.0831425594012578
Test,0.9217653844807332,0.11231069357468275
