Dataset,R2,RMSE
Training,0.922444544481989,0.10883594485671963
Validation,0.9258268738510543,0.10487960877140871
Test,0.9023822555175371,0.12545443455842037
