Dataset,R2,RMSE
Training,0.9396406040572418,0.09601489644641918
Validation,0.9425707369391982,0.0922856952975903
Test,0.9128276443919543,0.11855258385303434
