Dataset,R2,RMSE
Training,0.9043813550612109,0.12084744360857223
Validation,0.902986498508425,0.11994547173243882
Test,0.8945612951289669,0.13038320857890714
