Dataset,R2,RMSE
Training,0.9377726004412283,0.0974893111411678
Validation,0.9427512151930727,0.09214057183285954
Test,0.9144571443566416,0.11743931379470521
