Dataset,R2,RMSE
Training,0.9320602537012107,0.10186573797803546
Validation,0.9285324149210799,0.10294904460397311
Test,0.9188714946328165,0.11436901228442459
