Dataset,R2,RMSE
Training,0.9440336826884685,0.09245481643527684
Validation,0.9418838880547113,0.09283591938835319
Test,0.9205537866359277,0.11317701466120952
