Dataset,R2,RMSE
Training,0.9282459452464433,0.10468619122956994
Validation,0.92054291359692,0.10855106405070945
Test,0.910470047987754,0.12014502961532524
