Dataset,R2,RMSE
Training,0.9470165573460763,0.08995726899193113
Validation,0.9430748942288311,0.0918797257153816
Test,0.9344313610704337,0.10281813388367625
