Dataset,R2,RMSE
Training,0.9319139987031289,0.1019753230497329
Validation,0.9403151804613733,0.09408052006567005
Test,0.9039205891217161,0.12446200665835448
