Dataset,R2,RMSE
Training,0.924759220120516,0.10719951478975345
Validation,0.9243011075556464,0.10595282228932255
Test,0.9024529847323516,0.1254089771389038
