Dataset,R2,RMSE
Training,0.9285589228471893,0.10445763105084041
Validation,0.9307073863954207,0.1013704182049664
Test,0.9094246196928045,0.12084445184119759
