Dataset,R2,RMSE
Training,0.9281745245569749,0.10473827818410256
Validation,0.9209560203793967,0.10826851141066877
Test,0.9077678536540191,0.12194466096302954
