Dataset,R2,RMSE
Training,0.9312380414973275,0.10248027789129763
Validation,0.930467485972636,0.10154574564990178
Test,0.9184434035343235,0.11467036098054631
