Dataset,R2,RMSE
Training,0.9451355845857111,0.09154013603633038
Validation,0.9427529279151214,0.09213919352963595
Test,0.9361623302655537,0.10145189084059736
