Dataset,R2,RMSE
Training,0.9378814260193792,0.0974040273812677
Validation,0.933219812906863,0.09951569551834909
Test,0.906921121458631,0.12250313528925766
