Dataset,R2,RMSE
Training,0.9469383603748255,0.09002362738682564
Validation,0.9472291930649273,0.08846360522001188
Test,0.9277752446118035,0.10791074050646658
