Dataset,R2,RMSE
Training,0.9515681576253276,0.0860065784095034
Validation,0.9531062299244879,0.08339218281723484
Test,0.9236586848997747,0.11094339495334793
