Dataset,R2,RMSE
Training,0.941323044788017,0.09466729336958975
Validation,0.937675657302272,0.09613834030936393
Test,0.9097621655733796,0.12061906707810892
