Dataset,R2,RMSE
Training,0.9422103025080589,0.0939488321715252
Validation,0.9486315763439913,0.0872802308553048
Test,0.9110187276787876,0.11977631252406042
