Dataset,R2,RMSE
Training,0.9296731729436697,0.1036398288932217
Validation,0.9380842980003569,0.09582264787475273
Test,0.8986328014418269,0.12784105767894086
