Dataset,R2,RMSE
Training,0.9358416834883513,0.09899030338807539
Validation,0.9341209831982741,0.09884195378898455
Test,0.9140902414172494,0.11769089953332763
