Dataset,R2,RMSE
Training,0.9365422701817122,0.09844834985088746
Validation,0.9370893138126356,0.0965895133660159
Test,0.9085756527677031,0.12140947105738487
