Dataset,R2,RMSE
Training,0.9399480118552899,0.09577008448284104
Validation,0.9351484618644436,0.09806813301701424
Test,0.9311407737266811,0.10536653591682271
