Dataset,R2,RMSE
Training,0.9523852550662983,0.08527798038749645
Validation,0.9496312321526106,0.08642679942692477
Test,0.9343933630787111,0.10284792187991929
