Dataset,R2,RMSE
Training,0.9328567467224865,0.10126686503517494
Validation,0.9288101119465844,0.10274883867295331
Test,0.9102529252047192,0.12029062573185571
