Dataset,R2,RMSE
Training,0.9537142503190542,0.08407944312026876
Validation,0.9597918790347443,0.07721908582565032
Test,0.9297117780036467,0.10645422724596831
