Dataset,R2,RMSE
Training,0.921461858157627,0.10952329131090736
Validation,0.9222565612549628,0.10737412558810265
Test,0.9036886148068857,0.12461216673070147
