Dataset,R2,RMSE
Training,0.9479669082322524,0.08914684784222468
Validation,0.9544011535609179,0.08223272744801823
Test,0.9284957713324408,0.10737112314667328
