Dataset,R2,RMSE
Training,0.9235232143242974,0.10807642949981427
Validation,0.9333705975963937,0.0994032825125218
Test,0.8984776637412603,0.1279388476221124
