Dataset,R2,RMSE
Training,0.9296077935483691,0.10368799213013812
Validation,0.9350248175263424,0.0981615756374172
Test,0.9076520116770901,0.12202121712237533
