Dataset,R2,RMSE
Training,0.9396128155942264,0.09603699573468961
Validation,0.9365896303053607,0.09697234759438997
Test,0.9276109668317509,0.10803339421350881
