Dataset,R2,RMSE
Training,0.9549242200694711,0.08297319248806914
Validation,0.9546498581947775,0.08200816449220331
Test,0.9343101601191497,0.10291311757130611
