Dataset,R2,RMSE
Training,0.9348060231355668,0.09978606858657488
Validation,0.9433999360930188,0.09161703396497374
Test,0.9089089013291142,0.12118799576306102
