Dataset,R2,RMSE
Training,0.9490566201122347,0.0882084220429197
Validation,0.9475620574187187,0.08818416129511934
Test,0.9377272844901517,0.10020064914525804
