Dataset,R2,RMSE
Training,0.9495048202257501,0.08781953572600425
Validation,0.9502452757233174,0.08589837120368525
Test,0.9170878990448339,0.11561936850658276
