Dataset,R2,RMSE
Training,0.9521445953774591,0.08549321944018408
Validation,0.950753690035433,0.08545837178504749
Test,0.9387942093160053,0.09933856665251152
