Dataset,R2,RMSE
Training,0.9347022498203467,0.09986545485964284
Validation,0.9384278752211976,0.09555641267280474
Test,0.9028371018738485,0.12516181809708518
