Dataset,R2,RMSE
Training,0.9246289870847433,0.10729224962256716
Validation,0.9232026320569396,0.10671880040808003
Test,0.901929266823898,0.12574517916091402
