Dataset,R2,RMSE
Training,0.9359731543819769,0.09888882770787827
Validation,0.931751224360863,0.10060398858378093
Test,0.9202743118823621,0.11337590614243243
