Dataset,R2,RMSE
Training,0.9266068475131145,0.10587512758867572
Validation,0.9268407277970474,0.10416035589671971
Test,0.9042486072836313,0.12424936639010785
