Dataset,R2,RMSE
Training,0.9469859593274385,0.08998324047259368
Validation,0.9559995280453547,0.08077862089283389
Test,0.9183490764627102,0.11473665478187078
