Dataset,R2,RMSE
Training,0.95100092156308,0.08650876885721676
Validation,0.9454061725103593,0.08997866358209411
Test,0.9400622012932259,0.09830418961770217
