Dataset,R2,RMSE
Training,0.9303923347464778,0.10310855700569273
Validation,0.9274677958116476,0.10371300186933362
Test,0.9283133559501253,0.10750799385441746
