Dataset,R2,RMSE
Training,0.9446038412220149,0.09198266774418297
Validation,0.9430592589736684,0.09189234285773937
Test,0.9206814907565132,0.11308601608935379
