Dataset,R2,RMSE
Training,0.9466154147073778,0.09029716434169557
Validation,0.9473756376741164,0.08834077197916881
Test,0.919151576482273,0.11417142218363432
