Dataset,R2,RMSE
Training,0.9442651941599324,0.09226339297781189
Validation,0.9508594391628697,0.08536656790213872
Test,0.914523286781523,0.11739390250331659
