Dataset,R2,RMSE
Training,0.9397670929854177,0.09591423945269928
Validation,0.9404388951600685,0.09398296443137039
Test,0.918853303847844,0.11438183358251437
