Dataset,R2,RMSE
Training,0.9484738975883104,0.08871147935662028
Validation,0.9445729246821462,0.09066272086523135
Test,0.918100174228764,0.11491140160386394
