Dataset,R2,RMSE
Training,0.909611328774677,0.11749602558813456
Validation,0.9191174070484803,0.10952047020262276
Test,0.8789503541062043,0.13970224801775352
