Dataset,R2,RMSE
Training,0.8942945944760359,0.12530398976682122
Validation,0.9061040463733131,0.1483149869815602
Test,0.7519200702376074,0.12378593824639703
