Dataset,R2,RMSE
Training,0.9154478849207188,0.11363926429707795
Validation,0.9216770652165249,0.10777356353380789
Test,0.8926221006422468,0.13157672872973666
