Dataset,R2,RMSE
Training,0.918867854110035,0.11131729818391513
Validation,0.927357344755221,0.10379193820600781
Test,0.8998557003442392,0.12706757734927196
