Dataset,R2,RMSE
Training,0.949660710935008,0.08768387097162819
Validation,0.9446125878160083,0.09063027633199151
Test,0.9221310332631706,0.11204793032160178
