Dataset,R2,RMSE
Training,0.9155047134484414,0.11360106869689862
Validation,0.9226927524735912,0.10707248257487831
Test,0.8875040961944926,0.13467593134215838
