Dataset,R2,RMSE
Training,0.9145223448172254,0.11425954110545243
Validation,0.9134032417081066,0.11332313600060595
Test,0.8836607189651111,0.13695718491849465
