Dataset,R2,RMSE
Training,0.9305899412004983,0.10296209758054685
Validation,0.9376629732118693,0.09614812272590852
Test,0.9030367360391685,0.12503317113752122
