Dataset,R2,RMSE
Training,0.9112689837459804,0.11641364920869027
Validation,0.9180820792704876,0.11021919305190228
Test,0.8841004139552228,0.1366981305651556
