Dataset,R2,RMSE
Training,0.9386348095923878,0.0968115600413429
Validation,0.9451302025853736,0.0902057964354606
Test,0.9156931407790081,0.11658779485416237
