Dataset,R2,RMSE
Training,0.879718259900073,0.1355395460024411
Validation,0.8851580579831175,0.13050225945246807
Test,0.8619000247383132,0.1492170443447967
