Dataset,R2,RMSE
Training,0.9033017504639517,0.12152775680438943
Validation,0.9146042602756971,0.11253454759813937
Test,0.8798412554335299,0.1391872082348088
