Dataset,R2,RMSE
Training,0.9331698820552639,0.10103045042854594
Validation,0.931377050481579,0.10087939228384823
Test,0.9135567855598494,0.11805573433044385
