Dataset,R2,RMSE
Training,0.9043240620458926,0.12088364302141064
Validation,0.9108723577510495,0.1149672057125083
Test,0.8840390468216143,0.1367343156051091
