Dataset,R2,RMSE
Training,0.9294803001709563,0.10378184877021618
Validation,0.9389266065948433,0.09516862453982856
Test,0.9129512475739092,0.11846850516472242
