Dataset,R2,RMSE
Training,0.9335474423549027,0.10074465775967734
Validation,0.933900878200764,0.0990069339883324
Test,0.9070131956582836,0.12244252986995326
