Dataset,R2,RMSE
Training,0.91398734663306,0.11461655426377931
Validation,0.9289624222169656,0.10263886460639625
Test,0.8901803652777188,0.13306432350554015
