Dataset,R2,RMSE
Training,0.9258730922846182,0.10640305983427645
Validation,0.9229867510641449,0.10686869091407769
Test,0.9121125993267877,0.11903781402168788
