Dataset,R2,RMSE
Training,0.9112778822347887,0.11640781172608622
Validation,0.9200745730234381,0.10887050801416419
Test,0.88566434013444,0.13577270927832263
