Dataset,R2,RMSE
Training,0.9112780674018276,0.11640769025186082
Validation,0.915883267727583,0.11168862991045156
Test,0.8843138188887288,0.136572222020518
