Dataset,R2,RMSE
Training,0.9429190200361167,0.09337097324456242
Validation,0.940671856094441,0.09379898690062871
Test,0.9199791220904938,0.11358560322566395
