Dataset,R2,RMSE
Training,0.9305291288405535,0.1030071918896537
Validation,0.9315267405458596,0.10076930603188147
Test,0.9030808607035057,0.1250047187408107
