Dataset,R2,RMSE
Training,0.914190215622065,0.11448130746947073
Validation,0.9184234176790317,0.10998932078046636
Test,0.8977896419147267,0.1283716395038438
