Dataset,R2,RMSE
Training,0.9276531248738256,0.10511775186584602
Validation,0.9281983870319368,0.1031893477066804
Test,0.9193736490588711,0.11401451265202728
