Dataset,R2,RMSE
Training,0.9163975142148444,0.11299930458406833
Validation,0.9186399507970473,0.10984324849384179
Test,0.8966844908906979,0.1290637837143479
