Dataset,R2,RMSE
Training,0.9319692087989991,0.10193396940099682
Validation,0.939551020440345,0.09468087304839493
Test,0.9042173551340883,0.12426964151548268
