Dataset,R2,RMSE
Training,0.9345798051931977,0.09995904354623118
Validation,0.9443339392270028,0.09085796629512133
Test,0.8999868378012863,0.12698435355275964
