Dataset,R2,RMSE
Training,0.9450824895966461,0.09158441926764348
Validation,0.9493958001087379,0.0866285506037404
Test,0.9284017713991085,0.10744167536255539
