Dataset,R2,RMSE
Training,0.9294563480844431,0.10379947207821867
Validation,0.932494531595821,0.10005464247980991
Test,0.9053891238317126,0.12350716846046167
