Dataset,R2,RMSE
Training,0.90038869177579,0.12334470123231005
Validation,0.9085493097182049,0.11645583693728277
Test,0.888350532742217,0.1341683134408291
