Dataset,R2,RMSE
Training,0.9254254833482204,0.10672382917663374
Validation,0.9273983541411102,0.10376263693301495
Test,0.916972046322771,0.11570011753203284
