Dataset,R2,RMSE
Training,0.9198263215778946,0.11065781238724852
Validation,0.9258120162045603,0.10489011248216047
Test,0.9022715736139412,0.12552553639536856
