Dataset,R2,RMSE
Training,0.9028981012867516,0.12178114036355481
Validation,0.9014802518308114,0.12087303124464156
Test,0.8898250405819514,0.13327941645012012
