Dataset,R2,RMSE
Training,0.9404023818611864,0.09540708502338639
Validation,0.9458000770687157,0.08965346959022685
Test,0.9134242849766196,0.1181461778900444
