Dataset,R2,RMSE
Training,0.9302451041672924,0.10321754438238757
Validation,0.9377681915282111,0.09606694451903144
Test,0.8978435279688857,0.12833779580531715
