Dataset,R2,RMSE
Training,0.9377896224761951,0.09747597634029723
Validation,0.9353293444326138,0.09793127271477126
Test,0.919372792204245,0.11401511849367774
