Dataset,R2,RMSE
Training,0.9311325191939426,0.10255888101436561
Validation,0.9416720141175288,0.09300499140996964
Test,0.9043577836722614,0.12417851120102337
