Dataset,R2,RMSE
Training,0.9229582577607767,0.10847489118988143
Validation,0.9256742200007119,0.10498747834500753
Test,0.9137872973713417,0.11789822394935603
