Dataset,R2,RMSE
Training,0.925997580779249,0.10631367580942977
Validation,0.9292945833764609,0.10239862140115448
Test,0.9112167825471447,0.11964293897146686
