Dataset,R2,RMSE
Training,0.9188408164054757,0.11133584516966631
Validation,0.9187468061708567,0.10977109270069127
Test,0.9100560385234008,0.12042249993011601
