Dataset,R2,RMSE
Training,0.9213090690615885,0.10962977354726004
Validation,0.9293468621256015,0.10236075823593507
Test,0.8939127582321423,0.13078357718032582
