Dataset,R2,RMSE
Training,0.9273686690047929,0.10532420188356983
Validation,0.9284845231138571,0.10298353289735436
Test,0.9154712858246702,0.11674109546377705
