Dataset,R2,RMSE
Training,0.9383832045777736,0.09700982681827505
Validation,0.9439710754029738,0.09115361785676965
Test,0.9114228172342033,0.11950403370220092
