Dataset,R2,RMSE
Training,0.9309989135807231,0.10265831693570843
Validation,0.9348358009748987,0.09830425079133592
Test,0.908088877684608,0.12173225513963376
