Dataset,R2,RMSE
Training,0.9390675908511413,0.09646957167174665
Validation,0.9443615036916059,0.09083546819418234
Test,0.9113460086614383,0.11955583567306487
