Dataset,R2,RMSE
Training,0.9427849872224274,0.09348053194820753
Validation,0.9440908187910666,0.09105616032759246
Test,0.9185735644913678,0.11457881986372986
