Dataset,R2,RMSE
Training,0.9097798000717872,0.11738647679299606
Validation,0.9127430105437725,0.1137543149436094
Test,0.8913576569968824,0.13234916160393742
