Dataset,R2,RMSE
Training,0.9211266603045649,0.10975676312017682
Validation,0.9310981235334788,0.10108420311280411
Test,0.8972811528794222,0.12869056308643373
