Dataset,R2,RMSE
Training,0.9229120761935152,0.10850739817790314
Validation,0.9279804691459123,0.10334581890254799
Test,0.8986672232854183,0.12781934997370725
