Dataset,R2,RMSE
Training,0.9230058586101879,0.108441374977542
Validation,0.9215893305893147,0.10783390873796038
Test,0.9110801300878526,0.11973497897625468
