Dataset,R2,RMSE
Training,0.9212888347060924,0.10964386758072611
Validation,0.9271270867414264,0.10395630456276533
Test,0.9002278720074522,0.12683124352359423
