Dataset,R2,RMSE
Training,0.9106296900056783,0.11683226803174
Validation,0.910844550803542,0.11498513863243774
Test,0.8921478710158891,0.13186695996431289
