Dataset,R2,RMSE
Training,0.9169220783140202,0.11264423947083305
Validation,0.9200172196817972,0.108909562967711
Test,0.9053434120351515,0.12353700146174765
