Dataset,R2,RMSE
Training,0.9403753706881286,0.09542870304633748
Validation,0.9411872424675857,0.09339068011858649
Test,0.9190012774953135,0.11427749649293042
