Dataset,R2,RMSE
Training,0.9201418097052853,0.1104398752857594
Validation,0.926709307412967,0.10425386866400851
Test,0.9040768780679422,0.12436073650790636
