Dataset,R2,RMSE
Training,0.9318793985141395,0.10200123085186603
Validation,0.9319920443519936,0.10042633806028622
Test,0.9074885957599311,0.12212913173906148
