Dataset,R2,RMSE
Training,0.8902335329568922,0.12947950145107717
Validation,0.9050130120247303,0.11868609068342821
Test,0.8761322890558378,0.14131904337932313
