Dataset,R2,RMSE
Training,0.9309582881517556,0.10268853330397758
Validation,0.9331705720254492,0.09955237808694099
Test,0.9069427726600688,0.12248888665219035
