Dataset,R2,RMSE
Training,0.9385263560676116,0.09689707203816163
Validation,0.9432010959203909,0.09177782155152482
Test,0.920739739025752,0.11304448559075306
