Dataset,R2,RMSE
Training,0.9299915572972424,0.10340496310645199
Validation,0.9336183032277373,0.09921833653242423
Test,0.9073706335074325,0.12220697099579689
