Dataset,R2,RMSE
Training,0.9245975212721828,0.10731464341430876
Validation,0.9262112807530932,0.10460748314439167
Test,0.8994464737474408,0.12732693518821628
