Dataset,R2,RMSE
Training,0.9328420913040737,0.10127791623712323
Validation,0.9324229770136705,0.10010765649562621
Test,0.9260607955638008,0.10918400473236049
