Dataset,R2,RMSE
Training,0.8508917791260833,0.1488219858199559
Validation,0.9043465180364999,0.14969661889782063
Test,0.8471358387000848,0.09716913498399639
