Dataset,R2,RMSE
Training,0.899004253631525,0.1224807515700093
Validation,0.913709167085534,0.14218177443256316
Test,0.8473774473095486,0.09709231454650481
