Dataset,R2,RMSE
Training,0.9097607937989737,0.11577477197274355
Validation,0.8966716866676167,0.15558627012931425
Test,0.7623681147341133,0.12115123744811788
