Dataset,R2,RMSE
Training,0.8385233720485907,0.1548713688533151
Validation,0.8929959971217588,0.1583294166382291
Test,0.7080887958095231,0.13427676816184017
