Dataset,R2,RMSE
Training,0.8585166653664464,0.1449669309585143
Validation,0.8994814560528899,0.15345628985042067
Test,0.7781097872562548,0.11706971765251323
