Dataset,R2,RMSE
Training,0.9056268221157467,0.1183969707570595
Validation,0.8988232943746028,0.15395786029401026
Test,0.7829510419147532,0.11578554663977057
