Dataset,R2,RMSE
Training,0.8876585591108027,0.129177327704482
Validation,0.9083958434430783,0.14649378144386196
Test,0.7647693891040703,0.12053756553037011
