Dataset,R2,RMSE
Training,0.8681505479268494,0.13994438109155913
Validation,0.9116114160266895,0.14389963342836254
Test,0.7288714848930671,0.12940858706678288
