Dataset,R2,RMSE
Training,0.8768114047516836,0.13527001947757789
Validation,0.9113898248969462,0.144079899480446
Test,0.8375878595292305,0.10015779219122624
