Dataset,R2,RMSE
Training,0.8895839037415454,0.12806560203560213
Validation,0.9010547538095823,0.15225061870038037
Test,0.8193675085241272,0.10562663239434926
