Dataset,R2,RMSE
Training,0.8844008182201841,0.13103692140725604
Validation,0.9069750338219064,0.14762549261492233
Test,0.7330578227708298,0.12840563911815592
