Dataset,R2,RMSE
Training,0.9082948605716501,0.1167113624430824
Validation,0.9204818442766877,0.13648808764978224
Test,0.8022656721155511,0.11051380543280767
