Dataset,R2,RMSE
Training,0.866839180715301,0.1406385986596633
Validation,0.8931871856566146,0.1581879064985
Test,0.7900749475224986,0.11386955747124324
