Dataset,R2,RMSE
Training,0.8020616143564243,0.17146730148398046
Validation,0.8774379346334934,0.16944924373476916
Test,0.7225467221625459,0.13090927800231705
