Dataset,R2,RMSE
Training,0.8591922490522639,0.14462040786258165
Validation,0.8499356467588169,0.18749961048024325
Test,0.8244717519467754,0.10412355962802493
