Dataset,R2,RMSE
Training,0.8999824503594299,0.12188616321095805
Validation,0.9093492436543668,0.14572944651082662
Test,0.7921340642369936,0.11330971834357947
