Dataset,R2,RMSE
Training,0.8769518200306605,0.13519290441228218
Validation,0.8411100627609278,0.19293445659101624
Test,0.7948444435730161,0.11256856753020744
