Dataset,R2,RMSE
Training,0.8789587652323826,0.13408585752564706
Validation,0.9155329708744856,0.140671205480642
Test,0.7339019528893259,0.1282024548679824
