Dataset,R2,RMSE
Training,0.8639116096884324,0.14217617944635885
Validation,0.8881161471528531,0.16189942492657378
Test,0.7671787189289822,0.11991867876939022
