Dataset,R2,RMSE
Training,0.8709960505700259,0.13842604294051797
Validation,0.8949449906866873,0.15688086752174704
Test,0.7441871579502776,0.1257004026945956
