Dataset,R2,RMSE
Training,0.8634311861307997,0.14242691578406186
Validation,0.8989573181356245,0.15385585633425397
Test,0.8207966714919869,0.10520794400857235
