Dataset,R2,RMSE
Training,0.8449289490597595,0.15176850852658244
Validation,0.8887956984104647,0.16140701015726985
Test,0.7296054065582006,0.12923331939783517
