Dataset,R2,RMSE
Training,0.8659878768470199,0.1410874372859787
Validation,0.9053000249339409,0.1489486364299082
Test,0.7165238396143689,0.13232252163191868
