Dataset,R2,RMSE
Training,0.8599695110545702,0.1442207015244442
Validation,0.9058722038064373,0.14849797957231012
Test,0.7896707770876696,0.11397912175939756
