Dataset,R2,RMSE
Training,0.9100941576552376,0.11556072512535952
Validation,0.9226836368442405,0.1345852011925064
Test,0.763759936002468,0.12079592212580954
