Dataset,R2,RMSE
Training,0.9099465109272834,0.11565557526644
Validation,0.918724429266421,0.1379880932072942
Test,0.7661416859796124,0.12018545302516806
