Dataset,R2,RMSE
Training,0.9001754363899371,0.12176851543531075
Validation,0.9157146020672084,0.14051987999182017
Test,0.7709445381295831,0.11894489949522784
