Dataset,R2,RMSE
Training,0.8871970820585189,0.12944237361413466
Validation,0.8975870012889904,0.1548956212309071
Test,0.8224808875605417,0.10471238622608964
