Dataset,R2,RMSE
Training,0.8894918649322356,0.1281189663123857
Validation,0.9189594179092315,0.1377884692236276
Test,0.8182289842204684,0.10595899116612462
