Dataset,R2,RMSE
Training,0.8867158659613212,0.12971817970335925
Validation,0.8913495118901799,0.159542884705681
Test,0.8195469372321593,0.10557415800586871
