Dataset,R2,RMSE
Training,0.9077244063585838,0.11707380271257743
Validation,0.9021916285547674,0.15137341658559392
Test,0.7909123666452306,0.11364221006450533
