Dataset,R2,RMSE
Training,0.8461154278946015,0.15118678845701922
Validation,0.8541042060146915,0.18487704262349636
Test,0.7268236590465605,0.12989637739377666
