Dataset,R2,RMSE
Training,0.871454478131039,0.1381798691211241
Validation,0.9021019876112659,0.15144276723557581
Test,0.737759760025827,0.1272697422233569
