Dataset,R2,RMSE
Training,0.8631567561188259,0.1425699447934682
Validation,0.9023111395653073,0.15128090753277726
Test,0.7631995588898023,0.12093910523880659
