Dataset,R2,RMSE
Training,0.901142064772202,0.12117752245245281
Validation,0.8716764450875911,0.17338630460902482
Test,0.8022815712746596,0.1105093623198777
