Dataset,R2,RMSE
Training,0.8818726421395273,0.13246207265952584
Validation,0.9026084996867465,0.15105048620324799
Test,0.7626680989797705,0.12107474321062951
