Dataset,R2,RMSE
Training,0.8854375893332743,0.13044798437140123
Validation,0.9029531909779109,0.15078294777892287
Test,0.7940526343013221,0.11278559064990137
