Dataset,R2,RMSE
Training,0.882345617847284,0.132196621104799
Validation,0.9153542821700723,0.14081992075963923
Test,0.761190212696562,0.12145112962338486
