Dataset,R2,RMSE
Training,0.8906545088062333,0.12744322151224238
Validation,0.896332732854936,0.15584125049171182
Test,0.7611069727594713,0.12147229438322092
