Dataset,R2,RMSE
Training,0.8866115487033367,0.12977789120302735
Validation,0.9069744628626022,0.14762594565469586
Test,0.7992998726526099,0.11133951410550037
