Dataset,R2,RMSE
Training,0.8733212552846303,0.13717285467092713
Validation,0.8896114611043855,0.16081390279423574
Test,0.7734939440667751,0.11828111412368933
