Dataset,R2,RMSE
Training,0.8958539337755006,0.12437632958536947
Validation,0.9149618397690165,0.1411459845145459
Test,0.8039150831630554,0.11005191189768902
