Dataset,R2,RMSE
Training,0.8779768547682941,0.1346286245041778
Validation,0.9078102714645567,0.1469612602322651
Test,0.7773978224974105,0.11725738424620676
