Dataset,R2,RMSE
Training,0.8465870235117694,0.15095494670849913
Validation,0.9022379627172995,0.15133755773615823
Test,0.7490691636722924,0.12449517347281627
