Dataset,R2,RMSE
Training,0.871785805819478,0.13800167405261615
Validation,0.900158026451169,0.1529389759590795
Test,0.766223119460636,0.12016452588385941
