Dataset,R2,RMSE
Training,0.9004037374559207,0.12162919203726694
Validation,0.9212666436980863,0.1358128872717016
Test,0.7721475476993398,0.11863213631680246
