Dataset,R2,RMSE
Training,0.8786528399279739,0.13425519804183958
Validation,0.8612057345357098,0.18032143749657664
Test,0.8325385558428994,0.10170280093667508
