Dataset,R2,RMSE
Training,0.8772947799500735,0.13500436809921962
Validation,0.8983039935360655,0.154352457643378
Test,0.7581769824769647,0.12221494472920089
