Dataset,R2,RMSE
Training,0.9056778083581881,0.1183649837436428
Validation,0.9273050528681503,0.13050096164736583
Test,0.8035628420153869,0.11015071454657072
