Dataset,R2,RMSE
Training,0.8923365823740134,0.12645918600455852
Validation,0.8878107054991372,0.16212026610591923
Test,0.7803974522481123,0.11646466580639649
