Dataset,R2,RMSE
Training,0.8969895840456988,0.1236963462339575
Validation,0.9089736167261078,0.14603106184033457
Test,0.8055630055957445,0.10958849109070277
