Dataset,R2,RMSE
Training,0.890387245446048,0.12759887546576998
Validation,0.8742718237658084,0.17162395559188004
Test,0.8407958823125813,0.09916368240793969
