Dataset,R2,RMSE
Training,0.901921552704168,0.12069883882714783
Validation,0.9031346141288877,0.1506419420384364
Test,0.7862008932080041,0.11491545498312303
