Dataset,R2,RMSE
Training,0.8821113677326545,0.13232815753603885
Validation,0.9074792732375848,0.14722484888113802
Test,0.8253332992239701,0.10386770987395895
