Dataset,R2,RMSE
Training,0.8100901376446322,0.16795388751859447
Validation,0.8850492421158475,0.16410337724536372
Test,0.7138434030343461,0.1329466440178001
