Dataset,R2,RMSE
Training,0.8813106625719643,0.13277678659702372
Validation,0.9097525840821556,0.14540488162184478
Test,0.8170245863477932,0.10630944881807144
