Dataset,R2,RMSE
Training,0.8847898035068597,0.13081626938787982
Validation,0.8880936052831137,0.1619157334994872
Test,0.813449910748476,0.10734287630261993
