Dataset,R2,RMSE
Training,0.8604314890223645,0.14398260398421767
Validation,0.9059371745408067,0.1484467211310625
Test,0.7224091495376761,0.13094172905357768
