Dataset,R2,RMSE
Training,0.9281916791428637,0.10327701731887898
Validation,0.9002772131625442,0.15284766297612468
Test,0.7846562403790682,0.11532982768622467
