Dataset,R2,RMSE
Training,0.8751531924841569,0.13617739491078834
Validation,0.8953101057477071,0.1566080132197231
Test,0.7004080776956083,0.1360318321623518
