Dataset,R2,RMSE
Training,0.9507089386733214,0.08905329459014868
Validation,0.9372130441216189,0.0995489883453327
Test,0.8375129674099924,0.10018088210546242
