Dataset,R2,RMSE
Training,0.9518488461502151,0.08801754596314991
Validation,0.9377009307613317,0.09916146087381804
Test,0.7689192972039132,0.11946958016264314
