Dataset,R2,RMSE
Training,0.9365025271935226,0.10107508769365496
Validation,0.9202096776028429,0.1122218043237973
Test,0.7672828059183547,0.11989186985920262
