Dataset,R2,RMSE
Training,0.9553258491633109,0.08478012636180493
Validation,0.9385539042524336,0.09848028205764003
Test,0.8300480675644776,0.102456272404965
