Dataset,R2,RMSE
Training,0.9598904154884431,0.08033226052287375
Validation,0.9409791637860709,0.09651722265871707
Test,0.7324150849168232,0.12856013239886502
