Dataset,R2,RMSE
Training,0.9543865642998092,0.08566675159255142
Validation,0.9376698067691613,0.09918622781812858
Test,0.8554120786521537,0.0945021098687163
