Dataset,R2,RMSE
Training,0.9560269649568207,0.08411222615485064
Validation,0.9390536645677293,0.0980789789428693
Test,0.7381408511046582,0.1271772335433461
