Dataset,R2,RMSE
Training,0.9527757791012478,0.08716623891571204
Validation,0.93962595756465,0.09761740646880704
Test,0.8139423534546837,0.10720110433385878
