Dataset,R2,RMSE
Training,0.9434031489101398,0.0954249719180038
Validation,0.9258425434257844,0.10818811405987573
Test,0.8251349837850064,0.10392665850822176
