Dataset,R2,RMSE
Training,0.9574285450279306,0.08276089014376395
Validation,0.9446056571419897,0.09350500214444823
Test,0.8024355015133922,0.11046633637440671
