Dataset,R2,RMSE
Training,0.9605164759848874,0.07970285168697518
Validation,0.9430511699370029,0.09480790292071262
Test,0.7838818160535476,0.11553701750624944
