Dataset,R2,RMSE
Training,0.9472100234108447,0.09215982494031033
Validation,0.926131977266911,0.10797678052510455
Test,0.7496666785772941,0.12434686157433912
