Dataset,R2,RMSE
Training,0.9153390754429527,0.11670982286344901
Validation,0.8947349058189922,0.12889745092731553
Test,0.7828843952594725,0.1158033217242537
