Dataset,R2,RMSE
Training,0.9547688857325108,0.08530697651441316
Validation,0.938033868920946,0.0988961369927119
Test,0.8148601232409539,0.10693638110397094
