Dataset,R2,RMSE
Training,0.9346981583160279,0.10250112246553267
Validation,0.9140567338333947,0.11646838794982059
Test,0.6999143161349624,0.1361438839779993
