Dataset,R2,RMSE
Training,0.9535437875625845,0.08645454030737773
Validation,0.9352941747537102,0.10105872795828721
Test,0.7328752672031446,0.12844953843417828
