Dataset,R2,RMSE
Training,0.9526877374858437,0.08724745447445643
Validation,0.9330805172272127,0.10277285587325727
Test,0.8067533605534384,0.10925252243402286
