Dataset,R2,RMSE
Training,0.9564868491421766,0.08367123371697657
Validation,0.9408637327874226,0.09661155915150789
Test,0.8794108884554525,0.0863037258840248
