Dataset,R2,RMSE
Training,0.9643093339712298,0.07577801637576885
Validation,0.9450604813019547,0.09312034201025417
Test,0.7683094737594993,0.11962711678703952
