Dataset,R2,RMSE
Training,0.960385149558523,0.07983529175815261
Validation,0.9432973376179233,0.09460277212874979
Test,0.7984731926597364,0.1115685811336995
