Dataset,R2,RMSE
Training,0.9559531379688319,0.08418280518218027
Validation,0.9428602725321016,0.09496667212611556
Test,0.7678985987782182,0.11973314187638534
