Dataset,R2,RMSE
Training,0.9322625438797894,0.1043951560407107
Validation,0.9096001550379708,0.11944995211476435
Test,0.8115586615156021,0.10788562648193216
