Dataset,R2,RMSE
Training,0.9283236352487587,0.10738753951727889
Validation,0.9069211569009612,0.12120697861750539
Test,0.7743196396119452,0.11806532881846672
