Dataset,R2,RMSE
Training,0.9387531510590691,0.09926765926704374
Validation,0.919684276461444,0.11259067562678733
Test,0.7783400005274703,0.11700897140228705
