Dataset,R2,RMSE
Training,0.9388472740069362,0.09919135365038567
Validation,0.9204533764362764,0.11205029707820385
Test,0.7821555511394036,0.11599753129124965
