Dataset,R2,RMSE
Training,0.9447635061523899,0.09427118328162581
Validation,0.927075000445599,0.10728533329509929
Test,0.7445795152677342,0.12560396813315658
