Dataset,R2,RMSE
Training,0.9441679641012755,0.0947780215403863
Validation,0.9300080077601661,0.10510571110905323
Test,0.820874297428944,0.10518515495129376
