Dataset,R2,RMSE
Training,0.9463456570250165,0.09291125940927139
Validation,0.9266727095683733,0.10758084616307316
Test,0.8072590898220489,0.10910947106000358
