Dataset,R2,RMSE
Training,0.9430002238903764,0.09576404484011278
Validation,0.9210452430609425,0.1116326636794622
Test,0.8040081653818245,0.11002578777683775
