Dataset,R2,RMSE
Training,0.9562850107779091,0.08386506622313719
Validation,0.9395850034259822,0.09765050976035577
Test,0.794467704073427,0.11267187834185033
