Dataset,R2,RMSE
Training,0.9495462114266856,0.0900975119159285
Validation,0.9310142171473201,0.10434747288823858
Test,0.8504303851992896,0.09611633119873121
