Dataset,R2,RMSE
Training,0.9592005452841418,0.08102015800751505
Validation,0.9403217026757584,0.09705330944081687
Test,0.8086152997940994,0.10872492224428094
