Dataset,R2,RMSE
Training,0.9446239936973878,0.0943901599686768
Validation,0.926923015201919,0.10739707344331047
Test,0.7597183650641983,0.12182482236991207
