Dataset,R2,RMSE
Training,0.9517229651895971,0.08813252245280635
Validation,0.9363933709345732,0.10019667900659708
Test,0.7570162312040072,0.1225079096585951
