Dataset,R2,RMSE
Training,0.9366976575839252,0.10091966420954135
Validation,0.9190002741272804,0.1130690938545229
Test,0.8470970662495285,0.09718145718752616
