Dataset,R2,RMSE
Training,0.9322667222783727,0.1043919361729733
Validation,0.9124605128680422,0.11754499344695021
Test,0.7912537749982259,0.11354939192394022
