Dataset,R2,RMSE
Training,0.9472634584350217,0.0921131701621944
Validation,0.9297056448583462,0.10533249290608246
Test,0.8420162799584201,0.09878287586520008
