Dataset,R2,RMSE
Training,0.9544445837372982,0.0856122510028408
Validation,0.9372943741498592,0.0994844928981634
Test,0.8294991462346177,0.10262159884012981
