Dataset,R2,RMSE
Training,0.9410244727291919,0.09740961405059245
Validation,0.9208738914285984,0.11175373347154367
Test,0.8381052456469019,0.0999981317523577
