Dataset,R2,RMSE
Training,0.9627423982911317,0.07742359879427918
Validation,0.9448591224365195,0.0932908336486753
Test,0.8162917032780453,0.10652214005517135
