Dataset,R2,RMSE
Training,0.9324969663573947,0.10421435665275881
Validation,0.9179491101802466,0.11380039900325191
Test,0.8655184548430392,0.09113954221767248
