Dataset,R2,RMSE
Training,0.939775161471792,0.0984359480861858
Validation,0.9189496336949612,0.1131044333144414
Test,0.7632166099833037,0.1209347509793617
