Dataset,R2,RMSE
Training,0.939359541542514,0.09877502412650278
Validation,0.9180262822721308,0.11374686953608822
Test,0.7499302733581705,0.12428137725032024
