Dataset,R2,RMSE
Training,0.9605556794750346,0.07966327307739987
Validation,0.9469941948149426,0.09146687788113628
Test,0.8264166198993759,0.10354510387126649
