Dataset,R2,RMSE
Training,0.961192529775254,0.07901755236122596
Validation,0.945231644759518,0.09297517115919682
Test,0.8536953189357908,0.09506148810620134
