Dataset,R2,RMSE
Training,0.9325638049695489,0.10416274957905428
Validation,0.9160270038181054,0.11512561461890652
Test,0.8214236003713659,0.10502375187537166
