Dataset,R2,RMSE
Training,0.9387568132759377,0.0992646913990053
Validation,0.9159350512014068,0.11518863014512248
Test,0.7875847247585113,0.11454295157551297
