Dataset,R2,RMSE
Training,0.9507856845348541,0.0889839398835172
Validation,0.9309989545102035,0.10435901533559258
Test,0.8364979864498435,0.10049328670398593
