Dataset,R2,RMSE
Training,0.9442370956862093,0.09471932598838662
Validation,0.9267050944438531,0.1075570870888847
Test,0.7000725692710794,0.13610798083594966
