Dataset,R2,RMSE
Training,0.9428502451588688,0.09588995002432067
Validation,0.9233315593029008,0.1100045002655631
Test,0.7948336820437769,0.1125715199095291
