Dataset,R2,RMSE
Training,0.948551320186848,0.09098148560397556
Validation,0.932874490261823,0.10293093918879738
Test,0.7859737378901175,0.11497648593686678
