Dataset,R2,RMSE
Training,0.927547934251306,0.10796706428596932
Validation,0.9073250570364845,0.12094371396156736
Test,0.7801849844201787,0.11652099259417666
