Dataset,R2,RMSE
Training,0.954168512584752,0.08587126930413681
Validation,0.9367070778615639,0.09994928935070707
Test,0.830193653560084,0.10241237942300037
