Dataset,R2,RMSE
Training,0.9592011920042838,0.0810195158717794
Validation,0.9459436558437628,0.0923688363803357
Test,0.7028779810475467,0.13546993311323632
