Dataset,R2,RMSE
Training,0.9570072435795545,0.0831693967657124
Validation,0.9422811550070246,0.09544670780739661
Test,0.8217522182933812,0.10492707454443155
