Dataset,R2,RMSE
Training,0.9596243308349438,0.08059827983771152
Validation,0.9422225143904238,0.09549518099592791
Test,0.8532090989753929,0.09521931783007495
