Dataset,R2,RMSE
Training,0.9541810727236865,0.0858595019686376
Validation,0.9379506490954126,0.09896252291787339
Test,0.7673295227414567,0.11987983540593092
