Dataset,R2,RMSE
Training,0.9574174828099016,0.08277164217872301
Validation,0.9385326712692817,0.09849729574690858
Test,0.8013340435518246,0.1107738433126991
