Dataset,R2,RMSE
Training,0.943319044712641,0.09549584742761716
Validation,0.9303214918217231,0.10487007028482216
Test,0.8584689457157084,0.0934977949394932
