Dataset,R2,RMSE
Training,0.944487757167278,0.09450619838719582
Validation,0.9308091565978884,0.10450244447621541
Test,0.7398944499055033,0.12675068271834192
