Dataset,R2,RMSE
Training,0.8497020052738006,0.14941455106357898
Validation,0.7818644731999883,0.2260605609580459
Test,0.7147789473744361,0.13272914194660246
