Dataset,R2,RMSE
Training,0.6132266919294146,0.23968703805352637
Validation,0.7713740666302444,0.23143249916750228
Test,0.22861184555976588,0.2182790125197265
