Dataset,R2,RMSE
Training,0.5452355672787039,0.2599019551972993
Validation,0.7637377135180963,0.23526580069713574
Test,0.06302404896708924,0.24056903147522238
