Dataset,R2,RMSE
Training,0.8652596030651106,0.14147027975178644
Validation,0.841684281797206,0.19258551406181595
Test,0.7213139761461953,0.13119977562370463
