Dataset,R2,RMSE
Training,0.8530442761008535,0.14774389844082708
Validation,0.8619207142536328,0.1798563871736505
Test,0.6989074284259208,0.1363720968096498
