Dataset,R2,RMSE
Training,0.7958356658608315,0.17414308723918373
Validation,0.7991154041193829,0.21693764299643659
Test,0.586434366623893,0.1598261061557146
