Dataset,R2,RMSE
Training,0.8083223668046524,0.16873377395425168
Validation,0.8149953713831636,0.20818665940787232
Test,0.664986379469847,0.14384896114456808
