Dataset,R2,RMSE
Training,0.8861785285509988,0.13002546003172125
Validation,0.8605061541466759,0.18077531352359727
Test,0.7340173554715044,0.1281746521484194
