Dataset,R2,RMSE
Training,0.7712046832535071,0.18434860959840477
Validation,0.8299604449329213,0.19958898950284573
Test,0.555422461714314,0.16571020555079166
