Dataset,R2,RMSE
Training,0.675112946593863,0.21967594521828707
Validation,0.7317605376006475,0.25068187503121364
Test,0.4560493322168879,0.18329695686791253
