Dataset,R2,RMSE
Training,0.6139084005811926,0.23947571427996323
Validation,0.7763384158448476,0.22890606395816948
Test,0.23284030715670778,0.21767992841457307
