Dataset,R2,RMSE
Training,0.822952968209512,0.1621663068270901
Validation,0.8343131384719972,0.19701787711642052
Test,0.6103767815432553,0.15513075723176822
