Dataset,R2,RMSE
Training,0.8461457828856673,0.1511718763060142
Validation,0.8338212742249985,0.1973100977418175
Test,0.7271829838057948,0.12981091914535378
