Dataset,R2,RMSE
Training,0.726634300374966,0.20150615284340298
Validation,0.7881041680840866,0.222803909189601
Test,0.49900192750895656,0.17591121374668145
