Dataset,R2,RMSE
Training,0.8870118549482298,0.12954860491926182
Validation,0.7914117479348974,0.22105814525394227
Test,0.7404943956880541,0.1266044200998506
