Dataset,R2,RMSE
Training,0.9050905923422404,0.1187328609571969
Validation,0.8313613244197671,0.19876512713594754
Test,0.751232481655646,0.12395736465559248
