Dataset,R2,RMSE
Training,0.744788784494449,0.19470010202859753
Validation,0.7310685399172869,0.25100501827803284
Test,0.42899206216424823,0.18780042487002024
