Dataset,R2,RMSE
Training,0.7606620264453229,0.18854807635669849
Validation,0.7417382820548455,0.2459753670109415
Test,0.5937935330183886,0.15839771572965225
