Dataset,R2,RMSE
Training,0.7046909937350989,0.2094375974293547
Validation,0.7431319326921084,0.24531079417504456
Test,0.5199107595714767,0.1722013231249596
