Dataset,R2,RMSE
Training,0.8302575113154032,0.15878577159832022
Validation,0.785010559501453,0.2244244472322898
Test,0.6673826067915176,0.1433335889741958
