Dataset,R2,RMSE
Training,0.833038546198431,0.15747963877822907
Validation,0.8188829956879875,0.20598766403266064
Test,0.5371981512262203,0.1690725256223408
