Dataset,R2,RMSE
Training,0.8678490216116065,0.14010430900721624
Validation,0.8822836439079158,0.16606572447175424
Test,0.7572795807493948,0.1224415036825145
