Dataset,R2,RMSE
Training,0.877380555028139,0.13495717355191342
Validation,0.8807190369944167,0.16716569866431555
Test,0.6984961179488769,0.13646521124446492
