Dataset,R2,RMSE
Training,0.5823893775692741,0.2490589022603783
Validation,0.7406312030263633,0.24650200906818762
Test,0.2554442830223813,0.2144490363246379
