Dataset,R2,RMSE
Training,0.7667664075639611,0.1861280605153826
Validation,0.8269646147646063,0.20133953512172062
Test,0.4912228951741796,0.17727164610473461
