Dataset,R2,RMSE
Training,0.9033386599637616,0.11982369475543682
Validation,0.8948768589135252,0.15693173058546384
Test,0.7513944598932116,0.12391700234254957
