Dataset,R2,RMSE
Training,0.8628393026629225,0.1427352182197849
Validation,0.8252507348327793,0.20233419158349647
Test,0.6142840007103003,0.15435095625417017
