Dataset,R2,RMSE
Training,0.8600373227786773,0.14418577684914458
Validation,0.7934549467099772,0.21997280790704515
Test,0.6486048817778476,0.1473239517048606
