Dataset,R2,RMSE
Training,0.743216757997814,0.19529882930941886
Validation,0.8213170606102501,0.20459882888652967
Test,0.6523296887449433,0.14654105061224262
