Dataset,R2,RMSE
Training,0.6197143360350987,0.23766830995773477
Validation,0.7475025109401167,0.24321487412945908
Test,0.36989937973358655,0.19727881529389826
