Dataset,R2,RMSE
Training,0.8352557488517383,0.15643050070470793
Validation,0.8175230830798953,0.20675954450576411
Test,0.7073446103883525,0.13444781881978737
