Dataset,R2,RMSE
Training,0.6341384546856097,0.2331173960468262
Validation,0.7170018831939693,0.2574858527279059
Test,0.3589021709019139,0.1989929318820068
