Dataset,R2,RMSE
Training,0.8371074997502055,0.15554886474451837
Validation,0.8131605671161375,0.20921646972817573
Test,0.6898985554872819,0.13839722822152004
