Dataset,R2,RMSE
Training,0.7244154307628947,0.202322298120183
Validation,0.8530958787107079,0.18551481146746335
Test,0.4489506903115197,0.18448910711940447
