Dataset,R2,RMSE
Training,0.7251894319144676,0.202037979224697
Validation,0.7441049795530958,0.24484572005179714
Test,0.5632030975279392,0.1642537420943987
