Dataset,R2,RMSE
Training,0.8490438252423481,0.14974134932039332
Validation,0.7828280634022697,0.2255607092431215
Test,0.6382395859211124,0.14948100831849967
