Dataset,R2,RMSE
Training,0.9048199882706127,0.11890200502392488
Validation,0.8113279715071287,0.2102400052928762
Test,0.768813939740446,0.1194968121586333
