Dataset,R2,RMSE
Training,0.8294592798147484,0.15915868690056809
Validation,0.8397473011639007,0.19376006681803518
Test,0.6141844298754203,0.1543708774680751
