Dataset,R2,RMSE
Training,0.641479149693154,0.23076689680729934
Validation,0.6599279921829333,0.2822585084221993
Test,0.3722166604330296,0.1969157213219175
