Dataset,R2,RMSE
Training,0.8859834162174168,0.13013685688774504
Validation,0.8924866038601951,0.15870583330278784
Test,0.6696666683640289,0.1428406100797583
