Dataset,R2,RMSE
Training,0.8056897664746393,0.16988856108009426
Validation,0.8288716460114024,0.20022697491668923
Test,0.6586210921779201,0.1452091020964188
