Dataset,R2,RMSE
Training,0.6197142620294456,0.23766833308350482
Validation,0.7475027540292891,0.24321475705321222
Test,0.3698993726543913,0.1972788164021143
