Dataset,R2,RMSE
Training,0.8851168269874627,0.13063047683700477
Validation,0.887694546601098,0.16220417268344708
Test,0.7434399611115017,0.12588384629833696
