Dataset,R2,RMSE
Training,0.7955528809226892,0.17426364698831515
Validation,0.7894646315409267,0.2220875084066982
Test,0.6727286489234332,0.14217704785083057
