Dataset,R2,RMSE
Training,0.7547965506673608,0.19084447377116845
Validation,0.7634986626546078,0.23538479191397868
Test,0.5691513523749164,0.1631315131995582
