Dataset,R2,RMSE
Training,0.805792730998519,0.169843543346317
Validation,0.822444857386019,0.2039521214984443
Test,0.6880295477128064,0.13881366761654657
