Dataset,R2,RMSE
Training,0.8838336421616263,0.13135798797641524
Validation,0.8740864790224219,0.17175041047416034
Test,0.7221758188138446,0.13099674943833486
