Dataset,R2,RMSE
Training,0.9235680907996331,0.10655004933176782
Validation,0.8943358112723017,0.15733506029730185
Test,0.7762535044782723,0.11755838700031462
