Dataset,R2,RMSE
Training,0.8667888946293804,0.14066515112887712
Validation,0.8645436835358717,0.1781399106498197
Test,0.7086284545706476,0.13415259143387775
