Dataset,R2,RMSE
Training,0.8407497020591745,0.1538000327295899
Validation,0.7917876372722377,0.22085887499883428
Test,0.6789297454594535,0.14082362965064602
