Dataset,R2,RMSE
Training,0.8797815609397017,0.13362934617131378
Validation,0.8423222936030924,0.19219706281910443
Test,0.7013647496131805,0.13581446667133537
