Dataset,R2,RMSE
Training,0.893972257759536,0.12549489453672122
Validation,0.8828282960143392,0.16568110115332835
Test,0.7583139272800805,0.12218033455872934
