Dataset,R2,RMSE
Training,0.9034826519256254,0.1197344135642093
Validation,0.838125596558557,0.19473799304721284
Test,0.7309670770299446,0.12890750796680137
