Dataset,R2,RMSE
Training,0.8913387454784681,0.12704385355316827
Validation,0.8667337426254541,0.17669395835517046
Test,0.6089515495252373,0.15541423045482422
