Dataset,R2,RMSE
Training,0.8811274025975254,0.1328792527733961
Validation,0.8646326771627004,0.1780813828458966
Test,0.6495009045034904,0.14713600107653227
