Dataset,R2,RMSE
Training,0.8191212818080671,0.16391173109839768
Validation,0.8246130663988382,0.20270301899813098
Test,0.6149539398474885,0.15421685410866998
