Dataset,R2,RMSE
Training,0.7194086415156311,0.20415190978161948
Validation,0.8062198467994255,0.21306702741199776
Test,0.5946460934897055,0.1582314030596141
