Dataset,R2,RMSE
Training,0.7722603070611023,0.1839228409035804
Validation,0.7874106514391499,0.2231682202604806
Test,0.5925701511115449,0.15863606153515197
