Dataset,R2,RMSE
Training,0.8325190563381539,0.15772444240376063
Validation,0.8053666870900456,0.21353554949128953
Test,0.745121606492142,0.12547060965492673
