Dataset,R2,RMSE
Training,0.7597286150781375,0.18891538468026214
Validation,0.8004912626374587,0.2161934636704454
Test,0.6574356003084026,0.1454610142905452
